sampleId,country,city,collectionDate,lat,long,season,locality,type,continent,set,nFlies,SRA_accession,SRA_experiment,year,yday,stationId,dist_km
AT_Mau_14_01,Austria,Mauternbach,2014/07/20,48.375,15.56,spring,AT_Mau,pooled,Europe,DrosEU,40,SRR5647751,SRX2885357,2014,201,AUM00011389,21.764917456208
AT_Mau_14_02,Austria,Mauternbach,2014/10/19,48.375,15.56,fall,AT_Mau,pooled,Europe,DrosEU,40,SRR5647750,SRX2885358,2014,292,AUM00011389,21.764917456208
AT_Mau_15_50,Austria,Mauternbach,2015/07/20,48.375,15.56,spring,AT_Mau,pooled,Europe,DrosEU,40,SRR8439127,SRX5246581,2015,201,AUM00011389,21.764917456208
AT_Mau_15_51,Austria,Mauternbach,2015/10/19,48.375,15.56,fall,AT_Mau,pooled,Europe,DrosEU,40,SRR8439143,SRX5246565,2015,292,AUM00011389,21.764917456208
AT_See_14_44,Austria,Seeboden,2014/08/17,46.8136889,13.50794792,spring,AT_See,pooled,Europe,DrosEU,40,SRR5647746,SRX2885362,2014,229,AUM00011212,26.6876799444818
AT_See_16_1,Austria,Seeboden,2016/08/01,46.8136889,13.50794792,spring,AT_See,pooled,Europe,DrosEU,40,SRR8494439,SRX5299028,2016,214,AUM00011212,26.6876799444818
BY_Bre_15_13,Belarus,Brest,2015/09/11,52.142193,23.662434,spring,BY_Bre,pooled,Europe,DrosEU,40,SRR8439157,SRX5246551,2015,254,BOM00033008,3.1700505632789
CH_Cha_14_42,Switzerland,Chalet à Gobet,2014/07/24,46.5670416,6.701867,spring,CH_Cha,pooled,Europe,DrosEU,40,SRR5647754,SRX2885354,2014,205,SZE00116090,33.6229005185595
CH_Cha_14_43,Switzerland,Chalet à Gobet,2014/10/05,46.5670416,6.701867,fall,CH_Cha,pooled,Europe,DrosEU,40,SRR5647758,SRX2885350,2014,278,SZE00116090,33.6229005185595
CH_Cha_15_39,Switzerland,Chalet à Gobet,2015/08/01,46.5670416,6.701867,spring,CH_Cha,pooled,Europe,DrosEU,40,SRR8439166,SRX5246542,2015,213,SZE00116090,33.6229005185595
CH_Cha_16_38,Switzerland,Chalet à Gobet,2016/08/15,46.5670416,6.701867,spring,CH_Cha,pooled,Europe,DrosEU,40,SRR8494459,SRX5299008,2016,228,SZE00116090,33.6229005185595
CY_Nic_14_11,Cyprus,Nicosia,2014/08/10,35.066461,33.322646,spring,CY_Nic,pooled,Europe,DrosEU,40,SRR5647756,SRX2885352,2014,222,CY000176090,34.892568545774
DE_Bro_14_14,Germany,Broggingen,2014/06/26,48.218024,7.819513,spring,DE_Bro,pooled,Europe,DrosEU,40,SRR5647762,SRX2885346,2014,177,GME00121750,8.9452604073357
DE_Bro_14_15,Germany,Broggingen,2014/10/15,48.218024,7.819513,fall,DE_Bro,pooled,Europe,DrosEU,40,SRR5647761,SRX2885347,2014,288,GME00121750,8.9452604073357
DE_Bro_15_53,Germany,Broggingen,2015/06/30,48.218,7.82,spring,DE_Bro,pooled,Europe,DrosEU,40,SRR8439148,SRX5246560,2015,181,GME00121750,8.93784265311874
DE_Bro_15_54,Germany,Broggingen,2015/10/25,48.218,7.82,fall,DE_Bro,pooled,Europe,DrosEU,40,SRR8439144,SRX5246564,2015,298,GME00121750,8.93784265311874
DE_Bro_16_10,Germany,Broggingen,2016/07/24,48.218024,7.819513,spring,DE_Bro,pooled,Europe,DrosEU,40,SRR8494434,SRX5299033,2016,206,GME00121750,8.9452604073357
DE_Bro_16_11,Germany,Broggingen,2016/10/23,48.218024,7.819513,fall,DE_Bro,pooled,Europe,DrosEU,40,SRR8494452,SRX5299015,2016,297,GME00121750,8.9452604073357
DE_Mun_14_31,Germany,Munich,2014/06/19,48.18,11.61,spring,DE_Mun,pooled,Europe,DrosEU,40,SRR5647744,SRX2885364,2014,170,GM000004199,8.1309198667911
DE_Mun_14_32,Germany,Munich,2014/09/03,48.18,11.61,fall,DE_Mun,pooled,Europe,DrosEU,40,SRR5647745,SRX2885363,2014,246,GM000004199,8.1309198667911
DE_Mun_15_45,Germany,Munich,2015/06/01,48.18,11.61,spring,DE_Mun,pooled,Europe,DrosEU,40,SRR8439125,SRX5246583,2015,152,GM000004199,8.1309198667911
DE_Mun_15_46,Germany,Munich,2015/09/01,48.18,11.61,spring,DE_Mun,pooled,Europe,DrosEU,40,SRR8439124,SRX5246584,2015,244,GM000004199,8.1309198667911
DE_Mun_16_12,Germany,Munich,2016/06/25,48.18,11.61,spring,DE_Mun,pooled,Europe,DrosEU,40,SRR8494451,SRX5299016,2016,177,GM000004199,8.1309198667911
DE_Mun_16_13,Germany,Munich,2016/09/01,48.18,11.61,spring,DE_Mun,pooled,Europe,DrosEU,40,SRR8494454,SRX5299013,2016,245,GM000004199,8.1309198667911
DK_Kar_14_39,Denmark,Karensminde,2014/09/01,55.945128,10.212586,fall,DK_Kar,pooled,Europe,DrosEU,40,SRR5647772,SRX2885336,2014,244,DAE00100980,28.1948894483836
DK_Kar_14_41,Denmark,Karensminde,2014/11/25,55.945128,10.212586,fall,DK_Kar,pooled,Europe,DrosEU,40,SRR5647771,SRX2885337,2014,329,DAE00100980,28.1948894483836
DK_Kar_16_2,Denmark,Karensminde Orchard,2016/06/08,55.945128,10.212586,spring,DK_Kar,pooled,Europe,DrosEU,40,SRR8494440,SRX5299027,2016,160,DAE00100980,28.1948894483836
DK_Kar_16_3,Denmark,Karensminde Orchard,2016/09/15,55.945128,10.212586,spring,DK_Kar,pooled,Europe,DrosEU,40,SRR8494438,SRX5299029,2016,259,DAE00100980,28.1948894483836
DK_Kar_16_4,Denmark,Karensminde Orchard,2016/11/22,55.945128,10.212586,fall,DK_Kar,pooled,Europe,DrosEU,40,SRR8494437,SRX5299030,2016,327,DAE00100980,28.1948894483836
ES_Ben_16_32,Spain,Benalua,2016/10/08,37.353733,-3.167179,fall,ES_Ben,pooled,Europe,DrosEU,40,SRR8494475,SRX5298992,2016,282,SPE00120089,58.105906083059
ES_Cor_15_33,Spain,Cortes de Baza,2015/08/08,37.661547,-2.79631,spring,ES_Cor,pooled,Europe,DrosEU,40,SRR8439163,SRX5246545,2015,220,SPE00120170,90.0807228425846
ES_Gim_14_34,Spain,Gimenells,2014/10/20,41.6175899,0.6200146,fall,ES_Gim,pooled,Europe,DrosEU,40,SRR5647769,SRX2885339,2014,293,SPE00120242,2.26660485503952
ES_Gim_14_35,Spain,Gimenells,2014/08/13,41.6175899,0.6200146,spring,ES_Gim,pooled,Europe,DrosEU,40,SRR5647776,SRX2885332,2014,225,SPE00120242,2.26660485503952
ES_Gim_15_30,Spain,Gimenells,2015/06/28,41.656416,0.388472,spring,ES_Gim,pooled,Europe,DrosEU,40,SRR8439138,SRX5246570,2015,179,SPE00156468,5.79718302040284
ES_Gim_15_31,Spain,Gimenells,2015/10/22,41.656416,0.388472,fall,ES_Gim,pooled,Europe,DrosEU,40,SRR8439168,SRX5246540,2015,295,SPE00156468,5.79718302040284
ES_Gim_16_33,Spain,Gimenells,2016/08/25,41.656416,0.388472,spring,ES_Gim,pooled,Europe,DrosEU,40,SRR8494470,SRX5298997,2016,238,SPE00156468,5.79718302040284
ES_Gim_16_34,Spain,Gimenells,2016/10/21,41.656416,0.388472,fall,ES_Gim,pooled,Europe,DrosEU,40,SRR8494472,SRX5298995,2016,295,SPE00156468,5.79718302040284
ES_Gua_15_32,Spain,Guadix,2015/09/12,37.3308,-3.173416,spring,ES_Gua,pooled,Europe,DrosEU,40,SRR8439164,SRX5246544,2015,255,SPE00120089,56.8340538443844
ES_Pur_16_35,Spain,Purullena. El Bejarín (Guadix),2016/08/30,37.3377875,-3.1786148,spring,ES_Pur,pooled,Europe,DrosEU,40,SRR8494462,SRX5299005,2016,243,SPE00120089,56.6092721744309
ES_Tom_15_28,Spain,Tomelloso,2015/10/08,39.15805,-3.021,fall,ES_Tom,pooled,Europe,DrosEU,40,SRR8439136,SRX5246572,2015,281,SPE00120035,79.9719599488422
ES_Tom_15_29,Spain,Tomelloso,2015/09/17,39.15805,-3.021,spring,ES_Tom,pooled,Europe,DrosEU,40,SRR8439137,SRX5246571,2015,260,SPE00120035,79.9719599488422
ES_Tom_16_36,Spain,Tomelloso,2016/09/02,39.152529,-3.0616048,spring,ES_Tom,pooled,Europe,DrosEU,40,SRR8494461,SRX5299006,2016,246,SPE00120035,76.4155806024276
ES_Tom_16_37,Spain,Tomelloso,2016/10/11,39.152529,-3.0616048,fall,ES_Tom,pooled,Europe,DrosEU,40,SRR8494460,SRX5299007,2016,285,SPE00120035,76.4155806024276
FI_Aka_14_36,Finland,Akaa,2014/07/25,61.1,23.52,spring,FI_Aka,pooled,Europe,DrosEU,40,SRR5647775,SRX2885333,2014,206,FI000002963,31.8971121245924
FI_Aka_14_37,Finland,Akaa,2014/08/27,61.1,23.52,spring,FI_Aka,pooled,Europe,DrosEU,40,SRR5647774,SRX2885334,2014,239,FI000002963,31.8971121245924
FI_Aka_15_34,Finland,Akaa,2015/10/01,61.1,23.52,fall,FI_Aka,pooled,Europe,DrosEU,40,SRR8439162,SRX5246546,2015,274,FI000002963,31.8971121245924
FI_Aka_15_35,Finland,Akaa,2015/07/21,61.1,23.52,spring,FI_Aka,pooled,Europe,DrosEU,40,SRR8439161,SRX5246547,2015,202,FI000002963,31.8971121245924
FI_Aka_16_5,Finland,Akaa,2016/07/24,61.1,23.52,spring,FI_Aka,pooled,Europe,DrosEU,40,SRR8494445,SRX5299022,2016,206,FI000002963,31.8971121245924
FI_Aka_16_6,Finland,Akaa,2016/09/17,61.1,23.52,spring,FI_Aka,pooled,Europe,DrosEU,40,SRR8494443,SRX5299024,2016,261,FI000002963,31.8971121245924
FI_Ves_14_38,Finland,Vesanto,2014/07/26,62.55,26.24,spring,FI_Ves,pooled,Europe,DrosEU,33,SRR5647773,SRX2885335,2014,207,FI000002401,33.3437969033885
FI_Ves_16_7,Finland,Vesanto,2016/07/29,62.55,26.24,spring,FI_Ves,pooled,Europe,DrosEU,40,SRR8494442,SRX5299025,2016,211,FI000002401,33.3437969033885
FR_Got_14_08,France,Gotheron,2014/07/08,44.976813,4.930005,spring,FR_Got,pooled,Europe,DrosEU,40,SRR5647753,SRX2885355,2014,189,FRE00104907,46.686386791307
FR_Got_15_47,France,Gotheron,2015/05/21,44.977,4.93,spring,FR_Got,pooled,Europe,DrosEU,40,SRR8439122,SRX5246586,2015,141,FRE00104907,46.7058364986086
FR_Got_15_48,France,Gotheron,2015/09/09,44.977,4.93,spring,FR_Got,pooled,Europe,DrosEU,40,SRR8439123,SRX5246585,2015,252,FRE00104907,46.7058364986086
FR_Got_15_49,France,Gotheron,2015/10/13,44.977,4.93,fall,FR_Got,pooled,Europe,DrosEU,40,SRR8439126,SRX5246582,2015,286,FRE00104907,46.7058364986086
FR_Got_16_8,France,Gotheron,2016/06/13,44.976813,4.930005,spring,FR_Got,pooled,Europe,DrosEU,40,SRR8494447,SRX5299020,2016,165,FRE00104907,46.686386791307
FR_Vil_14_05,France,Viltain,2014/08/18,48.7543324,2.1584108,spring,FR_Vil,pooled,Europe,DrosEU,40,SRR5647755,SRX2885353,2014,230,FR000007150,15.1694921556611
FR_Vil_14_07,France,Viltain,2014/10/27,48.7543324,2.1584108,fall,FR_Vil,pooled,Europe,DrosEU,40,SRR5647729,SRX2885379,2014,300,FR000007150,15.1694921556611
FR_Vil_15_40,France,Viltain,2015/08/10,48.754,2.158,spring,FR_Vil,pooled,Europe,DrosEU,40,SRR8439165,SRX5246543,2015,222,FR000007150,15.2142430916699
FR_Vil_15_41,France,Viltain,2015/10/14,48.754,2.158,fall,FR_Vil,pooled,Europe,DrosEU,40,SRR8439120,SRX5246588,2015,287,FR000007150,15.2142430916699
FR_Vil_16_9,France,Viltain,2016/08/12,48.7543324,2.1584108,spring,FR_Vil,pooled,Europe,DrosEU,40,SRR8494435,SRX5299032,2016,225,FR000007150,15.1694921556611
GS_Des_15_1,Guadeloupe,Deshaies,2015/12/16,16.32,-61.78,fall,GS_Des,pooled,Europe,DrosEU,40,SRR8439114,SRX5246595,2015,350,GP000078897,20.0175345190497
GS_Sai_15_2,Guadeloupe,Saint Francois,2015/12/23,16.25,-61.28,fall,GS_Sai,pooled,Europe,DrosEU,40,SRR8439112,SRX5246596,2015,357,GP000078897,34.2778905085911
HU_Sze_16_14,Hungary,Szeged,2016/08/28,46.25,20.13,spring,HU_Sze,pooled,Europe,DrosEU,40,SRR8494453,SRX5299014,2016,241,HUM00012982,2.31340672740607
IT_Mez_15_43,Italy,Mezzocorona,2015/09/29,46.212856,11.08755,spring,IT_Mez,pooled,Europe,DrosEU,40,SRR8439118,SRX5246590,2015,272,IT000160220,8.15411785792497
IT_Mez_15_44,Italy,Mezzolombardo,2015/10/10,46.217939,11.123423,fall,IT_Mez,pooled,Europe,DrosEU,40,SRR8439119,SRX5246589,2015,283,IT000160220,10.2790683924711
IT_Tre_16_15,Italy,Trentino (San Michele a/A),2016/08/24,46.2,11.13333,spring,IT_Tre,pooled,Europe,DrosEU,40,SRR8494456,SRX5299011,2016,237,IT000160220,9.52840655464969
PO_Brz_15_12,Poland,Brzezina,2015/09/28,54.27342,19.620169,spring,PO_Brz,pooled,Europe,DrosEU,40,SRR8439154,SRX5246554,2015,271,PLM00012160,17.01097880238
PO_Brz_16_17,Poland,Brzezina,2016/08/08,54.27342,19.620169,spring,PO_Brz,pooled,Europe,DrosEU,40,SRR8494458,SRX5299009,2016,221,PLM00012160,17.01097880238
PO_Gda_16_16,Poland,Gdansk,2016/08/01,54.35,18.64,spring,PO_Gda,pooled,Europe,DrosEU,40,SRR8494455,SRX5299012,2016,214,PLM00012160,55.5479386152489
PT_Rec_14_33,Portugal,Recarei,2014/09/26,41.15,-8.41,fall,PT_Rec,pooled,Europe,DrosEU,40,SRR5647770,SRX2885338,2014,269,POM00008548,111.152783434578
PT_Rec_15_16,Portugal,Recarei,2015/09/01,41.15,-8.41,spring,PT_Rec,pooled,Europe,DrosEU,40,SRR8439150,SRX5246558,2015,244,POM00008548,111.152783434578
PT_Rec_16_18,Portugal,Recarei,2016/10/01,41.15,-8.41,fall,PT_Rec,pooled,Europe,DrosEU,40,SRR8494457,SRX5299010,2016,275,POM00008548,111.152783434578
RS_Kal_16_28,Serbia,Kalna,2016/06/30,43.4,22.42,spring,RS_Kal,pooled,Europe,DrosEU,40,SRR8494479,SRX5298988,2016,182,RIE00100814,42.7985935792149
RS_Kal_16_29,Serbia,Kalna,2016/09/13,43.4,22.42,spring,RS_Kal,pooled,Europe,DrosEU,40,SRR8494471,SRX5298996,2016,257,RIE00100814,42.7985935792149
RS_Sla_16_30,Serbia,Slankamen. Vinogradi,2016/06/18,45.15,20.18,spring,RS_Sla,pooled,Europe,DrosEU,40,SRR8494473,SRX5298994,2016,170,RIE00111909,32.9455385615676
RS_Sla_16_31,Serbia,Slankamen. Vinogradi,2016/09/09,45.15,20.18,spring,RS_Sla,pooled,Europe,DrosEU,40,SRR8494474,SRX5298993,2016,253,RIE00111909,32.9455385615676
RU_Ale_15_55,Russia,Alexandrov,2015/09/15,56.41472,38.71611,spring,RU_Ale,pooled,Europe,DrosEU,40,SRR8439141,SRX5246567,2015,258,RSM00027523,72.1493296336213
RU_Ale_16_22,Russia,Alexandrov,2016/10/15,56.41472,38.71611,fall,RU_Ale,pooled,Europe,DrosEU,40,SRR8494476,SRX5298991,2016,289,RSM00027523,72.1493296336213
RU_Val_14_51,Russia,Valday,2014/08/17,57.9788789,33.243615,spring,RU_Val,pooled,Europe,DrosEU,40,SRR5647741,SRX2885367,2014,229,RSM00026298,51.4805120521969
RU_Val_16_19,Russia,Valday,2016/08/23,58.02444,33.235277,spring,RU_Val,pooled,Europe,DrosEU,40,SRR8494449,SRX5299018,2016,236,RSM00026285,49.400290983679
RU_Val_16_20,Russia,Valday,2016/09/29,58.02444,33.235277,spring,RU_Val,pooled,Europe,DrosEU,40,SRR8494450,SRX5299017,2016,273,RSM00026285,49.400290983679
RU_Val_16_21,Russia,Valday,2016/10/24,58.02444,33.235277,fall,RU_Val,pooled,Europe,DrosEU,40,SRR8494477,SRX5298990,2016,298,RSM00026285,49.400290983679
RU_tul_15_37,Russia,tula,2015/09/20,53.99778,38.13167,spring,RU_tul,pooled,Europe,DrosEU,40,SRR8439159,SRX5246549,2015,263,RSM00027719,42.640625437453
RU_val_15_36,Russia,valday,2015/08/23,58.024,33.23528,spring,RU_val,pooled,Europe,DrosEU,40,SRR8439160,SRX5246548,2015,235,RSM00026285,49.4274696935412
RU_val_15_38,Russia,valday,2015/10/05,58.024,33.23528,fall,RU_val,pooled,Europe,DrosEU,40,SRR8439158,SRX5246550,2015,278,RSM00026285,49.4274696935412
SE_Lun_14_30,Sweden,Lund,2014/07/31,55.694,13.198,spring,SE_Lun,pooled,Europe,DrosEU,40,SRR5647735,SRX2885373,2014,212,SWE00137534,15.7543377970714
SE_Lun_15_14,Sweden,Lund,2015/08/24,55.694,13.198,spring,SE_Lun,pooled,Europe,DrosEU,40,SRR8439156,SRX5246552,2015,236,SWE00137534,15.7543377970714
SE_Lun_15_15,Sweden,Lund,2015/08/08,55.694,13.198,spring,SE_Lun,pooled,Europe,DrosEU,40,SRR8439151,SRX5246557,2015,220,SWE00137534,15.7543377970714
TR_Yes_14_03,Turkey,Yesiloz,2014/08/31,40.231444,32.260328,spring,TR_Yes,pooled,Europe,DrosEU,40,SRR5647749,SRX2885359,2014,243,TUM00017130,61.6148065349833
TR_Yes_14_04,Turkey,Yesiloz,2014/10/23,40.231444,32.260328,fall,TR_Yes,pooled,Europe,DrosEU,40,SRR5647748,SRX2885360,2014,296,TUM00017130,61.6148065349833
TR_Yes_15_3,Turkey,Yesiloz,2015/05/01,40.231444,32.260328,spring,TR_Yes,pooled,Europe,DrosEU,40,SRR8439113,SRX5246594,2015,121,TUM00017130,61.6148065349833
TR_Yes_15_4,Turkey,Yesiloz,2015/06/01,40.231444,32.260328,spring,TR_Yes,pooled,Europe,DrosEU,40,SRR8439111,SRX5246597,2015,152,TUM00017130,61.6148065349833
TR_Yes_15_5,Turkey,Yesiloz,2015/07/28,40.231444,32.260328,spring,TR_Yes,pooled,Europe,DrosEU,40,SRR8439110,SRX5246598,2015,209,TUM00017130,61.6148065349833
TR_Yes_15_6,Turkey,Yesiloz,2015/08/27,40.231444,32.260328,spring,TR_Yes,pooled,Europe,DrosEU,40,SRR8439109,SRX5246599,2015,239,TUM00017130,61.6148065349833
TR_Yes_15_7,Turkey,Yesiloz,2015/09/17,40.231444,32.260328,spring,TR_Yes,pooled,Europe,DrosEU,40,SRR8439108,SRX5246600,2015,260,TUM00017130,61.6148065349833
TR_Yes_15_8,Turkey,Yesiloz,2015/10/15,40.231444,32.260328,fall,TR_Yes,pooled,Europe,DrosEU,40,SRR8439107,SRX5246601,2015,288,TUM00017130,61.6148065349833
TR_Yes_16_39,Turkey,Yesiloz TR13,2016/05/26,40.231444,32.260328,spring,TR_Yes,pooled,Europe,DrosEU,40,SRR8494467,SRX5299000,2016,147,TUM00017130,61.6148065349833
TR_Yes_16_40,Turkey,Yesiloz TR14,2016/06/25,40.231444,32.260328,spring,TR_Yes,pooled,Europe,DrosEU,40,SRR8494465,SRX5299002,2016,177,TUM00017130,61.6148065349833
TR_Yes_16_41,Turkey,Yesiloz TR15,2016/07/27,40.231444,32.260328,spring,TR_Yes,pooled,Europe,DrosEU,40,SRR8494464,SRX5299003,2016,209,TUM00017130,61.6148065349833
TR_Yes_16_42,Turkey,Yesiloz TR16,2016/08/24,40.231444,32.260328,spring,TR_Yes,pooled,Europe,DrosEU,40,SRR8494463,SRX5299004,2016,237,TUM00017130,61.6148065349833
TR_Yes_16_43,Turkey,Yesiloz TR17,2016/09/27,40.231444,32.260328,spring,TR_Yes,pooled,Europe,DrosEU,40,SRR8494468,SRX5298999,2016,271,TUM00017130,61.6148065349833
TR_Yes_16_52,Turkey,Yesiloz TR18,2016/10/13,40.231444,32.260328,fall,TR_Yes,pooled,Europe,DrosEU,40,SRR8494423,SRX5299044,2016,287,TUM00017130,61.6148065349833
UA_Che_14_28,Ukraine,Chornobyl (Cooling pond),2014/09/13,51.37330556,30.13830556,fall,UA_Che,pooled,Europe,DrosEU,40,SRR5647733,SRX2885375,2014,256,UPM00033231,12.0210621411055
UA_Che_14_29,Ukraine,Chornobyl Yaniv,2014/09/13,51.38691667,30.07330556,fall,UA_Che,pooled,Europe,DrosEU,40,SRR5647734,SRX2885374,2014,256,UPM00033231,16.0475348527614
UA_Che_14_47,Ukraine,Chornobyl Applegarden,2014/09/13,51.27263889,30.22136111,fall,UA_Che,pooled,Europe,DrosEU,40,SRR5647731,SRX2885377,2014,256,UPM00033231,1.41007826339895
UA_Che_14_48,Ukraine,Chornobyl Polisske,2014/09/13,51.27888889,29.39438889,fall,UA_Che,pooled,Europe,DrosEU,35,SRR5647742,SRX2885366,2014,256,UPM00033213,42.8526583539157
UA_Cho_15_24,Ukraine,Chornobyl Applegarden,2015/08/20,51.279245,30.213118,spring,UA_Cho,pooled,Europe,DrosEU,40,SRR8439132,SRX5246576,2015,232,UPM00033231,1.44875466124534
UA_Cho_15_25,Ukraine,Chornobyl Applegarden,2015/06/15,51.279245,30.213118,spring,UA_Cho,pooled,Europe,DrosEU,40,SRR8439133,SRX5246575,2015,166,UPM00033231,1.44875466124534
UA_Cho_15_26,Ukraine,Chornobyl Kopachi,2015/08/26,51.3352,30.136179,spring,UA_Cho,pooled,Europe,DrosEU,40,SRR8439134,SRX5246574,2015,238,UPM00033231,8.90548229817053
UA_Cho_15_27,Ukraine,Chornobyl Yaniv,2015/08/26,51.38691667,30.07330556,spring,UA_Cho,pooled,Europe,DrosEU,40,SRR8439135,SRX5246573,2015,238,UPM00033231,16.0475348527614
UA_Cho_15_65,Ukraine,Chornobyl (Cooling pond),2015/08/26,51.37330556,30.13830556,spring,UA_Cho,pooled,Europe,DrosEU,40,SRR8439149,SRX5246559,2015,238,UPM00033231,12.0210621411055
UA_Cho_15_67,Ukraine,Chornobyl Applegarden,2015/08/26,51.279245,30.213118,spring,UA_Cho,pooled,Europe,DrosEU,40,SRR8439128,SRX5246580,2015,238,UPM00033231,1.44875466124534
UA_Cho_15_68,Ukraine,Chornobyl Polisske,2015/08/26,51.27888889,29.39438889,spring,UA_Cho,pooled,Europe,DrosEU,40,SRR8439169,SRX5246539,2015,238,UPM00033213,42.8526583539157
UA_Cho_15_69,Ukraine,Chornobyl Applegarden,2015/08/26,51.27263889,30.22136111,spring,UA_Cho,pooled,Europe,DrosEU,40,SRR8439139,SRX5246569,2015,238,UPM00033231,1.41007826339895
UA_Cho_15_70,Ukraine,Chornobyl Applegarden,2015/07/07,51.279245,30.213118,spring,UA_Cho,pooled,Europe,DrosEU,40,SRR8439115,SRX5246593,2015,188,UPM00033231,1.44875466124534
UA_Cho_16_54,Ukraine,Chornobyl Applegarden,2016/09/04,51.27,30.21,spring,UA_Cho,pooled,Europe,DrosEU,40,SRR8494431,SRX5299036,2016,248,UPM00033231,2.16046126839134
UA_Cho_16_55,Ukraine,Chornobyl (Cooling pond),2016/09/05,51.37,30.13,spring,UA_Cho,pooled,Europe,DrosEU,40,SRR8494444,SRX5299023,2016,249,UPM00033231,12.0512271684199
UA_Cho_16_62,Ukraine,Chornobyl Yaniv,2016/09/04,51.38691667,30.07330556,spring,UA_Cho,pooled,Europe,DrosEU,40,SRR8494433,SRX5299034,2016,248,UPM00033231,16.0475348527614
UA_Dro_14_27,Ukraine,Drogobych,2014/08/24,49.32991667,23.50280556,spring,UA_Dro,pooled,Europe,DrosEU,40,SRR5647732,SRX2885376,2014,236,UPM00033398,2.46030687751957
UA_Dro_15_10,Ukraine,Drogobych,2015/09/18,49.32991667,23.50280556,spring,UA_Dro,pooled,Europe,DrosEU,40,SRR8439116,SRX5246592,2015,261,UPM00033398,2.46030687751957
UA_Dro_16_56,Ukraine,Drogobych,2016/09/12,49.32991667,23.50280556,spring,UA_Dro,pooled,Europe,DrosEU,40,SRR8494441,SRX5299026,2016,256,UPM00033398,2.46030687751957
UA_Kan_16_57,Ukraine,Kaniv,2016/07/08,49.72,31.53,spring,UA_Kan,pooled,Europe,DrosEU,40,SRR8494448,SRX5299019,2016,190,UPM00033466,38.6912935330859
UA_Kha_14_45,Ukraine,Kharkiv,2014/07/26,49.81852778,36.05475,spring,UA_Kha,pooled,Europe,DrosEU,40,SRR5647747,SRX2885361,2014,207,UPM00034300,17.4159430956053
UA_Kha_14_46,Ukraine,Kharkiv,2014/09/14,49.81852778,36.05475,fall,UA_Kha,pooled,Europe,DrosEU,40,SRR5647730,SRX2885378,2014,257,UPM00034300,17.4159430956053
UA_Kha_15_19,Ukraine,Kharkiv,2015/08/20,49.81852778,36.05475,spring,UA_Kha,pooled,Europe,DrosEU,40,SRR8439146,SRX5246562,2015,232,UPM00034300,17.4159430956053
UA_Kha_16_58,Ukraine,Kharkiv,2016/08/18,49.81852778,36.05475,spring,UA_Kha,pooled,Europe,DrosEU,40,SRR8494446,SRX5299021,2016,231,UPM00034300,17.4159430956053
UA_Kyi_14_23,Ukraine,Kyiv,2014/08/09,50.34402778,30.48911111,spring,UA_Kyi,pooled,Europe,DrosEU,40,SRR5647736,SRX2885372,2014,221,UPM00033345,6.96840190466676
UA_Kyi_14_24,Ukraine,Kyiv,2014/09/08,50.34402778,30.48911111,fall,UA_Kyi,pooled,Europe,DrosEU,40,SRR5647737,SRX2885371,2014,251,UPM00033345,6.96840190466676
UA_Kyi_14_49,Ukraine,Kyiv,2014/10/11,50.34402778,30.48911111,fall,UA_Kyi,pooled,Europe,DrosEU,40,SRR5647743,SRX2885365,2014,284,UPM00033345,6.96840190466676
UA_Kyi_15_64,Ukraine,Kyiv (Vyshneve),2015/08/10,50.383374,30.368038,spring,UA_Kyi,pooled,Europe,DrosEU,40,SRR8439147,SRX5246561,2015,222,UPM00033345,11.882592816949
UA_Kyi_16_44,Ukraine,Kyiv (Vyshneve),2016/08/04,50.3834,30.3682,spring,UA_Kyi,pooled,Europe,DrosEU,40,SRR8494466,SRX5299001,2016,217,UPM00033345,11.8707599061691
UA_Kyi_16_45,Ukraine,Kyiv (Vyshneve),2016/10/03,50.38,30.36,fall,UA_Kyi,pooled,Europe,DrosEU,40,SRR8494428,SRX5299039,2016,277,UPM00033345,12.5092384761761
UA_Kyi_16_59,Ukraine,Kyiv (Vyshneve),2016/08/06,50.38,30.36,spring,UA_Kyi,pooled,Europe,DrosEU,40,SRR8494430,SRX5299037,2016,219,UPM00033345,12.5092384761761
UA_Ode_14_19,Ukraine,Odesa,2014/07/03,46.44155556,30.77169444,spring,UA_Ode,pooled,Europe,DrosEU,40,SRR5647766,SRX2885342,2014,184,UPM00033837,11.6935088588022
UA_Ode_14_20,Ukraine,Odesa,2014/07/22,46.44155556,30.77169444,spring,UA_Ode,pooled,Europe,DrosEU,40,SRR5647765,SRX2885343,2014,203,UPM00033837,11.6935088588022
UA_Ode_14_21,Ukraine,Odesa,2014/08/29,46.44155556,30.77169444,spring,UA_Ode,pooled,Europe,DrosEU,40,SRR5647768,SRX2885340,2014,241,UPM00033837,11.6935088588022
UA_Ode_14_22,Ukraine,Odesa,2014/10/10,46.44155556,30.77169444,fall,UA_Ode,pooled,Europe,DrosEU,40,SRR5647767,SRX2885341,2014,283,UPM00033837,11.6935088588022
UA_Ode_15_11,Ukraine,Odessa,2015/09/26,46.44155556,30.77169444,spring,UA_Ode,pooled,Europe,DrosEU,40,SRR8439155,SRX5246553,2015,269,UPM00033837,11.6935088588022
UA_Ode_15_20,Ukraine,Odessa,2015/06/30,46.44155556,30.77169444,spring,UA_Ode,pooled,Europe,DrosEU,40,SRR8439145,SRX5246563,2015,181,UPM00033837,11.6935088588022
UA_Ode_15_22,Ukraine,Odessa,2015/08/27,46.44155556,30.77169444,spring,UA_Ode,pooled,Europe,DrosEU,40,SRR8439130,SRX5246578,2015,239,UPM00033837,11.6935088588022
UA_Ode_15_66,Ukraine,Odessa,2015/07/26,46.44155556,30.77169444,spring,UA_Ode,pooled,Europe,DrosEU,40,SRR8439140,SRX5246568,2015,207,UPM00033837,11.6935088588022
UA_Ode_16_46,Ukraine,Odesa,2016/08/20,46.44,30.77,spring,UA_Ode,pooled,Europe,DrosEU,40,SRR8494429,SRX5299038,2016,233,UPM00033837,11.6375541082952
UA_Ode_16_47,Ukraine,Odesa,2016/09/15,46.44155556,30.77169444,spring,UA_Ode,pooled,Europe,DrosEU,40,SRR8494427,SRX5299040,2016,259,UPM00033837,11.6935088588022
UA_Pir_14_26,Ukraine,Piryuatin,2014/08/20,50.25375,32.51880556,spring,UA_Pir,pooled,Europe,DrosEU,40,SRR5647739,SRX2885369,2014,232,UPM00033362,37.8755738571949
UA_Pir_15_21,Ukraine,Piryuatin,2015/08/26,50.25375,32.51880556,spring,UA_Pir,pooled,Europe,DrosEU,40,SRR8439129,SRX5246579,2015,238,UPM00033362,37.8755738571949
UA_Pyr_16_48,Ukraine,Pyriatyn,2016/09/03,51.4,30.05416645,spring,UA_Pyr,pooled,Europe,DrosEU,40,SRR8494426,SRX5299041,2016,247,UPM00033231,18.0200756186312
UA_Pyr_16_49,Ukraine,Pyryatyn,2016/09/23,50.53752,32.51880556,spring,UA_Pyr,pooled,Europe,DrosEU,40,SRR8494424,SRX5299043,2016,267,UPM00033362,10.8719138905606
UA_Uma_14_50,Ukraine,Uman,2014/10/01,48.75327778,30.20580556,fall,UA_Uma,pooled,Europe,DrosEU,40,SRR5647740,SRX2885368,2014,274,UPM00033587,2.57336465119687
UA_Uma_15_9,Ukraine,Uman',2015/09/26,48.75327778,30.20580556,spring,UA_Uma,pooled,Europe,DrosEU,40,SRR8439117,SRX5246591,2015,269,UPM00033587,2.57336465119687
UA_Uma_16_50,Ukraine,Uman,2016/09/17,48.75,30.2,spring,UA_Uma,pooled,Europe,DrosEU,40,SRR8494425,SRX5299042,2016,261,UPM00033587,3.13236500001953
UA_Uma_16_51,Ukraine,Uman K,2016/09/11,48.76,30.17,spring,UA_Uma,pooled,Europe,DrosEU,40,SRR8494422,SRX5299045,2016,255,UPM00033587,4.54893890498728
UA_Var_14_25,Ukraine,Varva,2014/08/18,50.48469444,32.71425,spring,UA_Var,pooled,Europe,DrosEU,40,SRR5647738,SRX2885370,2014,230,UPM00033362,25.9062845119473
UA_Var_15_18,Ukraine,Varva,2015/08/25,50.48469444,32.71425,spring,UA_Var,pooled,Europe,DrosEU,40,SRR8439152,SRX5246556,2015,237,UPM00033362,25.9062845119473
UA_Var_16_60,Ukraine,Varva,2016/08/26,50.48469444,32.71425,spring,UA_Var,pooled,Europe,DrosEU,40,SRR8494469,SRX5298998,2016,239,UPM00033362,25.9062845119473
UA_Yal_14_16,Ukraine,Yalta,2014/06/20,44.5015,34.16611944,spring,UA_Yal,pooled,Europe,DrosEU,40,SRR5647764,SRX2885344,2014,171,UPM00033990,2.05696737132229
UA_Yal_14_18,Ukraine,Yalta,2014/08/27,44.5015,34.16611944,spring,UA_Yal,pooled,Europe,DrosEU,40,SRR5647763,SRX2885345,2014,239,UPM00033990,2.05696737132229
UA_Yal_15_23,Ukraine,Yalta,2015/06/24,44.5015,34.16611944,spring,UA_Yal,pooled,Europe,DrosEU,40,SRR8439131,SRX5246577,2015,175,UPM00033990,2.05696737132229
UA_Yal_15_63,Ukraine,Yalta,2015/08/24,44.5015,34.16611944,spring,UA_Yal,pooled,Europe,DrosEU,40,SRR8439167,SRX5246541,2015,236,UPM00033990,2.05696737132229
UA_Yal_16_61,Ukraine,Yalta,2016/08/20,44.5015,34.1661,spring,UA_Yal,pooled,Europe,DrosEU,40,SRR8494436,SRX5299031,2016,233,UPM00033946,22.2133700027185
UK_Dai_15_52,United Kingdom,Dairsie. Fife,2015/08/19,56.344534,-2.952766,spring,UK_Dai,pooled,Europe,DrosEU,40,SRR8439142,SRX5246566,2015,231,UKM00003171,6.1237907451818
UK_Dai_16_23,United Kingdom,Dairsie. Fife,2016/08/06,56.3447,-2.9525,spring,UK_Dai,pooled,Europe,DrosEU,40,SRR8494478,SRX5298989,2016,219,UKM00003171,6.10014974034537
UK_Lut_14_13,United Kingdom,Lutterworth,2014/10/20,52.433592,-1.102667,fall,UK_Lut,pooled,Europe,DrosEU,40,SRR5647759,SRX2885349,2014,293,UKE00105909,42.507323208105
UK_Mar_14_12,United Kingdom,Market Harborough,2014/10/20,52.475769,-0.921517,fall,UK_Mar,pooled,Europe,DrosEU,40,SRR5647760,SRX2885348,2014,293,UKE00156876,45.7979033913549
UK_Mar_15_42,United Kingdom,Market Harborough,2015/07/07,52.4608,-0.959,spring,UK_Mar,pooled,Europe,DrosEU,40,SRR8439121,SRX5246587,2015,188,UKE00156876,46.127051854324
UK_Mar_16_53,United Kingdom,Market Harborough,2016/10/23,52.46,-0.959,fall,UK_Mar,pooled,Europe,DrosEU,40,SRR8494432,SRX5299035,2016,297,UKE00156876,46.2076793636418
UK_She_14_09,United Kingdom,Sheffield,2014/08/25,53.39052,-1.520599,spring,UK_She,pooled,Europe,DrosEU,40,SRR5647752,SRX2885356,2014,237,UKE00105904,2.30552203693615
UK_She_15_17,United Kingdom,Sheffield,2015/10/04,53.391,-1.521,fall,UK_She,pooled,Europe,DrosEU,40,SRR8439153,SRX5246555,2015,277,UKE00105904,2.35439486159371
UK_Sou_14_10,United Kingdom,South Queensferry,2014/07/14,55.972871,-3.351475,spring,UK_Sou,pooled,Europe,DrosEU,40,SRR5647757,SRX2885351,2014,195,UKE00105888,8.86054537008681
ES_ba_12_spring,Spain,Barcelona,2012/07/13,41.38,2.17,spring,BA_07_2012,pooled,Europe,DrosRTEC,55,SRR3590549,SRX1801494,2012,195,SPE00155991,0.480981525216339
ES_ba_12_fall,Spain,Barcelona,2012/10/15,41.38,2.17,fall,BA_10_2012,pooled,Europe,DrosRTEC,29,SRR3590548,SRX1801493,2012,289,SPE00155991,0.480981525216339
FL_ho_10_spring,USA,Homestead,2010/07/15,25.5,-80.477,spring,FL_rep1,pooled,NorthAmerica,DrosRTEC,39,SRR1525685,SRX661832,2010,196,USC00084095,7.34023529230303
FL_ho_10_fall,USA,Homestead,2010/12/15,25.5,-80.477,fall,FL_rep2,pooled,NorthAmerica,DrosRTEC,48,SRR1525694,SRX661833,2010,349,USC00084095,7.34023529230303
GA_ha_08_spring,USA,Hahia,2008/07/15,30.99,-83.37,spring,GA,pooled,NorthAmerica,DrosRTEC,51,SRR1525695,SRX661834,2008,197,USR0000GCOO,14.3396334629695
MA_la_12_spring,USA,Lancaster,2012/07/28,42.45,-71.67,spring,MA_07_2012,pooled,NorthAmerica,DrosRTEC,100,SRR3590557,SRX1801502,2012,210,USW00004780,13.3367347964349
MA_la_12_fall,USA,Lancaster,2012/10/02,42.45,-71.67,fall,MA_11_2012,pooled,NorthAmerica,DrosRTEC,63,SRR3590556,SRX1801501,2012,276,USW00004780,13.3367347964349
ME_bo_09_fall.r1,USA,Bowdoin,2009/10/15,44,-69.96,fall,ME_rep1,pooled,NorthAmerica,DrosRTEC,86,SRR1525698,SRX661844,2009,288,USC00172048,10.9401886047322
ME_bo_09_fall.r2,USA,Bowdoin,2009/10/15,44,-69.96,fall,ME_rep2,pooled,NorthAmerica,DrosRTEC,75,SRR1525699,SRX661845,2009,288,USC00172048,10.9401886047322
NC_ra_03_n,USA,Raleigh,2003,35.77,-78.63,NA,NC,pooled,NorthAmerica,DrosRTEC,92,SRR1525697,SRX661836,2003,NA,USC00317074,6.63775321791878
NY_it_12_spring,USA,Ithaca,2012/07/25,42.44,-76.5,spring,NY_07_2012,pooled,NorthAmerica,DrosRTEC,30,SRR3590559,SRX1801504,2012,207,USC00304174,4.30252227045029
NY_it_12_fall,USA,Ithaca,2012/09/23,42.44,-76.5,fall,NY_09_2012,pooled,NorthAmerica,DrosRTEC,58,SRR3590558,SRX1801503,2012,267,USC00304174,4.30252227045029
PA_li_12_spring,USA,Linvilla,2012/07/16,39.88,-75.41,spring,PA_07_2012,pooled,NorthAmerica,DrosRTEC,115,SRR3590561,SRX1801506,2012,198,USC00365390,6.27214919870319
PA_li_11_fall,USA,Linvilla,2011/10/15,39.88,-75.41,fall,PA_10_2011,pooled,NorthAmerica,DrosRTEC,47,SRR1525773,SRX661842,2011,288,USC00365390,6.27214919870319
PA_li_12_fall,USA,Linvilla,2012/10/10,39.88,-75.41,fall,PA_10_2012,pooled,NorthAmerica,DrosRTEC,100,SRR3590560,SRX1801505,2012,284,USC00365390,6.27214919870319
PA_li_09_fall,USA,Linvilla,2009/11/15,39.88,-75.41,fall,PA_11_2009,pooled,NorthAmerica,DrosRTEC,74,SRR1525769,SRX661838,2009,319,USC00365390,6.27214919870319
PA_li_10_fall,USA,Linvilla,2010/11/15,39.88,-75.41,fall,PA_11_2010,pooled,NorthAmerica,DrosRTEC,33,SRR1525771,SRX661840,2010,319,USC00365390,6.27214919870319
PA_li_11_frost,USA,Linvilla,2011/11/15,39.88,-75.41,frost,PA_11_2011,pooled,NorthAmerica,DrosRTEC,50,SRR1525774,SRX661843,2011,319,USC00365390,6.27214919870319
PA_li_09_spring,USA,Linvilla,2009/07/15,39.88,-75.41,spring,PA_7_2009,pooled,NorthAmerica,DrosRTEC,55,SRR1525768,SRX661837,2009,196,USC00365390,6.27214919870319
PA_li_10_spring,USA,Linvilla,2010/07/15,39.88,-75.41,spring,PA_7_2010,pooled,NorthAmerica,DrosRTEC,116,SRR1525770,SRX661839,2010,196,USC00365390,6.27214919870319
PA_li_11_spring,USA,Linvilla,2011/07/15,39.88,-75.41,spring,PA_7_2011,pooled,NorthAmerica,DrosRTEC,75,SRR1525772,SRX661841,2011,196,USC00365390,6.27214919870319
PA_li_12_sum,USA,Linvilla,2012/09/13,39.88,-75.41,fall,PA_9_2012,pooled,NorthAmerica,DrosRTEC,50,SRR3590563,SRX1801508,2012,257,USC00365390,6.27214919870319
SC_eu_10_spring,USA,Eutawville,2010/07/15,33.39,-80.34,spring,SC,pooled,NorthAmerica,DrosRTEC,48,SRR1525696,SRX661835,2010,196,USC00384205,10.8770582659362
VA_ch_12_spring,USA,Charlottesville,2012/07/18,38,-78.47,spring,VA_07_2012,pooled,NorthAmerica,DrosRTEC,95,SRR3590551,SRX1801496,2012,200,USW00003759,0.475773344569174
VA_ch_12_fall,USA,Charlottesville,2012/11/05,38,-78.47,fall,VA_11_2012,pooled,NorthAmerica,DrosRTEC,50,SRR3590550,SRX1801495,2012,310,USW00003759,0.475773344569174
AT_gr_12_spring,Austria,Gross-Enzersdorf,2012/08/03,48.2,16.37,spring,VI_08_2012,pooled,Europe,DrosRTEC,62,SRR3590553,SRX1801498,2012,216,AU000005901,3.96932507912908
AT_gr_12_fall,Austria,Gross-Enzersdorf,2012/10/20,48.2,16.37,fall,VI_10_2012,pooled,Europe,DrosRTEC,44,SRR3590552,SRX1801497,2012,294,AU000005901,3.96932507912908
WI_cp_12_spring,USA,Cross Plains,2012/06/10,43.11,-89.65,spring,WI_06_2012,pooled,NorthAmerica,DrosRTEC,83,SRR3590555,SRX1801500,2012,162,USC00471416,14.7848498738423
WI_cp_12_fall,USA,Cross Plains,2012/09/11,43.11,-89.65,fall,WI_09_2012,pooled,NorthAmerica,DrosRTEC,164,SRR3590562,SRX1801507,2012,255,USC00471416,14.7848498738423
WI_cp_12_frost,USA,Cross Plains,2012/10/20,43.11,-89.65,frost,WI_10_2012,pooled,NorthAmerica,DrosRTEC,100,SRR3590554,SRX1801499,2012,294,USC00471416,14.7848498738423
CA_es_12_spring,USA,Esparto,2012/06/13,38.68,-122.046,spring,mel137_062012_RD,pooled,NorthAmerica,DrosRTEC,27,SRR3939042,SRX1968271,2012,165,USR0000CBRO,10.751105926937
WI_cp_13_spring,USA,Cross Plains,2013/07/02,43.11,-89.65,spring,mel13CWI7_SPT,pooled,NorthAmerica,DrosRTEC,130,SRR3939051,SRX1968280,2013,183,USC00471416,14.7848498738423
WI_cp_13_fall,USA,Cross Plains,2013/09/22,43.11,-89.65,fall,mel13CWI9_FAT,pooled,NorthAmerica,DrosRTEC,61,SRR3939052,SRX1968281,2013,265,USC00471416,14.7848498738423
PA_li_13_spring,USA,Linvilla,2013/06/15,39.88,-75.41,spring,mel13LN6_SPT,pooled,NorthAmerica,DrosRTEC,54,SRR3939095,SRX1968324,2013,166,USC00365390,6.27214919870319
UA_od_13_fall,Ukraine,Odessa,2013/10/15,46.49,30.71,fall,mel13OUK10_FAT,pooled,Europe,DrosRTEC,61,SRR3939053,SRX1968282,2013,288,UPM00033837,6.24245677417104
UA_od_13_spring,Ukraine,Odessa,2013/05/15,46.49,30.71,spring,mel13OUK5_SPT,pooled,Europe,DrosRTEC,37,SRR3939055,SRX1968284,2013,135,UPM00033837,6.24245677417104
CA_es_12_fall,USA,Esparto,2012/08/22,38.68,-122.046,fall,mel142_082012_RD,pooled,NorthAmerica,DrosRTEC,92,SRR3939043,SRX1968272,2012,235,USR0000CBRO,10.751105926937
CA_pl_12_fall,USA,Placerville,2012/08/25,38.74,-120.74,fall,mel144_082012_GB,pooled,NorthAmerica,DrosRTEC,100,SRR3939054,SRX1968283,2012,238,USC00046962,0.944751534017684
GA_at_14_fall,USA,Athens,2014/10/15,33.95,-83.36,fall,mel14AGA10_FAT,pooled,NorthAmerica,DrosRTEC,99,SRR3939056,SRX1968285,2014,288,USW00013873,3.01168023516442
GA_at_14_spring,USA,Athens,2014/06/15,33.95,-83.36,spring,mel14AGA6_SPT,pooled,NorthAmerica,DrosRTEC,44,SRR3939057,SRX1968286,2014,166,USW00013873,3.01168023516442
MI_bh_14_fall,USA,Benton Harbor,2014/11/05,42.1111,-86.4483,fall,mel14BHM11_FAT,pooled,NorthAmerica,DrosRTEC,34,SRR3939058,SRX1968287,2014,309,USC00200710,2.31802111054806
MI_bh_14_spring,USA,Benton Harbor,2014/07/26,42.1111,-86.4483,spring,mel14BHM7_SPT,pooled,NorthAmerica,DrosRTEC,106,SRR3939059,SRX1968288,2014,207,USC00200710,2.31802111054806
VA_ch_14_fall,USA,Charlotttesville,2014/10/14,38,-78.47,fall,mel14CUA10_FAT,pooled,NorthAmerica,DrosRTEC,76,SRR3939076,SRX1968305,2014,287,USW00003759,0.475773344569174
VA_ch_14_spring,USA,Charlotttesville,2014/06/25,38,-78.47,spring,mel14CUA6_SPT,pooled,NorthAmerica,DrosRTEC,104,SRR3939077,SRX1968306,2014,176,USW00003759,0.475773344569174
WI_cp_14_spring,USA,Cross Plains,2014/06/25,43.11,-89.65,spring,mel14CWI6_SPT,pooled,NorthAmerica,DrosRTEC,130,SRR3939078,SRX1968307,2014,176,USC00471416,14.7848498738423
WI_cp_14_fall,USA,Cross Plains,2014/09/18,43.11,-89.65,fall,mel14CWI9_FAT,pooled,NorthAmerica,DrosRTEC,61,SRR8061819,SRX4891299,2014,261,USC00471416,14.7848498738423
MA_la_14_fall,USA,Lancaster,2014/10/20,42.45,-71.67,fall,mel14LMA10_FAT,pooled,NorthAmerica,DrosRTEC,90,SRR3939080,SRX1968309,2014,293,USW00004780,13.3367347964349
MA_la_14_spring,USA,Lancaster,2014/07/20,42.45,-71.67,spring,mel14LMA7_SPT,pooled,NorthAmerica,DrosRTEC,32,SRR3939082,SRX1968311,2014,201,USW00004780,13.3367347964349
PA_li_14_fall,USA,Linvilla,2014/10/17,39.88,-75.41,fall,mel14LNPA10_FAT,pooled,NorthAmerica,DrosRTEC,50,SRR3939096,SRX1968325,2014,290,USW00013739,15.3599925895553
PA_li_14_spring,USA,Linvilla,2014/06/27,39.88,-75.41,spring,mel14LNPA6_SPT,pooled,NorthAmerica,DrosRTEC,92,SRR3939097,SRX1968326,2014,178,USW00013739,15.3599925895553
PA_st_14_fall,USA,State College,2014/10/16,40.793395,-77.860001,fall,mel14SCPA10_FAT,pooled,NorthAmerica,DrosRTEC,67,SRR3939083,SRX1968312,2014,289,USC00368449,0.607668176833498
PA_st_14_spring,USA,State College,2014/06/18,40.793395,-77.860001,spring,mel14SCPA6_SPT,pooled,NorthAmerica,DrosRTEC,45,SRR3939084,SRX1968313,2014,169,USC00368449,0.607668176833498
KA_to_14_fall,USA,Topeka,2014/10/22,39.202831,-95.741527,fall,mel14TKA10_FAT,pooled,NorthAmerica,DrosRTEC,48,SRR3939085,SRX1968314,2014,295,USC00148171,17.4011408798939
KA_to_14_spring,USA,Topeka,2014/06/22,39.0913433,-95.6246509,spring,mel14TKA6_SPT,pooled,NorthAmerica,DrosRTEC,72,SRR3939086,SRX1968315,2014,173,USW00013996,2.09570045260991
WA_se_14_spring,USA,Tacoma,2014/07/15,47.23713,-122.39627,spring,mel14TWA7,pooled,NorthAmerica,DrosRTEC,70,SRR8061818,SRX4891300,2014,196,USC00458278,1.64560730816846
CA_st_12_fall,USA,Stockton,2012/10/01,38.02,-121.2,fall,mel153_102012_FB,pooled,NorthAmerica,DrosRTEC,100,SRR3939081,SRX1968310,2012,275,USC00048560,10.5949704958614
CA_tu_12_fall,USA,Tuolumne,2012/10/10,37.97,-120.26,fall,mel156_102012_CO,pooled,NorthAmerica,DrosRTEC,116,SRR3939093,SRX1968322,2012,284,USR0000CELI,10.3977191268204
CA_st_12_frost,USA,Stockton,2012/11/15,38.02,-121.2,frost,mel158_112012_FB,pooled,NorthAmerica,DrosRTEC,58,SRR3939100,SRX1968329,2012,320,USC00048560,10.5949704958614
CA_tu_12_frost,USA,Tuolumne,2012/11/17,37.97,-120.26,frost,mel159_112012_CO,pooled,NorthAmerica,DrosRTEC,60,SRR3939101,SRX1968330,2012,322,USR0000CELI,10.3977191268204
VA_ch_15_fall,USA,Charlotttesville,2015/10/19,38,-78.47,fall,mel15CUA10_FAT,pooled,NorthAmerica,DrosRTEC,89,SRR3939087,SRX1968316,2015,292,USW00003759,0.475773344569174
VA_ch_15_spring,USA,Charlotttesville,2015/07/01,38,-78.47,spring,mel15CUA7_SPT,pooled,NorthAmerica,DrosRTEC,65,SRR3939088,SRX1968317,2015,182,USW00003759,0.475773344569174
PA_li_15_fall,USA,Linvilla,2015/10/15,39.88,-75.41,fall,mel15LN10_FAT,pooled,NorthAmerica,DrosRTEC,52,SRR3939098,SRX1968327,2015,288,USW00013739,15.3599925895553
PA_li_15_spring,USA,Linvilla,2015/07/15,39.88,-75.41,spring,mel15LN7_SPT,pooled,NorthAmerica,DrosRTEC,74,SRR3939099,SRX1968328,2015,196,USW00013739,15.3599925895553
PA_st_15_spring,USA,State College,2015/07/18,40.793395,-77.860001,spring,mel15SCPA7_SPT,pooled,NorthAmerica,DrosRTEC,47,SRR3939089,SRX1968318,2015,199,USC00368449,0.607668176833498
ON_su_15_spring,Canada,Sudbury,2015/08/03,46.53,-80.96,spring,mel15SON8_SPT,pooled,NorthAmerica,DrosRTEC,108,SRR3939091,SRX1968320,2015,215,CA006068145,16.8005693551746
ON_su_15_fall,Canada,Sudbury,2015/09/30,46.53,-80.96,fall,mel15SON9_FAT,pooled,NorthAmerica,DrosRTEC,110,SRR3939092,SRX1968321,2015,273,CA006068145,16.8005693551746
IL_ur_15_spring,USA,Urbana,2015/07/11,40.11,-88.21,spring,mel15UIL7_SPT,pooled,NorthAmerica,DrosRTEC,184,SRR3939094,SRX1968323,2015,192,USC00118740,3.88261132650152
CA_pl_12_frost,USA,Placerville,2012/11/18,38.74,-120.74,frost,mel160_112012_GB,pooled,NorthAmerica,DrosRTEC,56,SRR3939102,SRX1968331,2012,323,USC00046962,0.944751534017684
CA_es_12_frost,USA,Esparto,2012/11/20,38.68,-122.046,frost,mel161_112012_RD,pooled,NorthAmerica,DrosRTEC,92,SRR3939103,SRX1968332,2012,325,USR0000CBRO,10.751105926937
CA_es_13_spring,USA,Esparto,2013/05/07,38.68,-122.046,spring,mel169_052013_RD,pooled,NorthAmerica,DrosRTEC,50,SRR3939104,SRX1968333,2013,127,USR0000CBRO,10.751105926937
CA_tu_13_spring,USA,Tuolumne,2013/05/14,37.97,-120.26,spring,mel171_052013_CO,pooled,NorthAmerica,DrosRTEC,98,SRR3939044,SRX1968273,2013,134,USR0000CELI,10.3977191268204
CA_pl_13_fall,USA,Placerville,2013/08/30,38.74,-120.74,fall,mel175_082013_GB,pooled,NorthAmerica,DrosRTEC,88,SRR3939045,SRX1968274,2013,242,USC00046962,0.944751534017684
CA_tu_13_fall,USA,Tuolumne,2013/08/31,37.97,-120.26,fall,mel176_082013_CO,pooled,NorthAmerica,DrosRTEC,100,SRR3939046,SRX1968275,2013,243,USR0000CELI,10.3977191268204
CA_st_13_fall,USA,Stockton,2013/09/03,38.02,-121.2,fall,mel177_092013_FB,pooled,NorthAmerica,DrosRTEC,72,SRR3939047,SRX1968276,2013,246,USC00048560,10.5949704958614
CA_es_13_fall,USA,Esparto,2013/09/01,38.68,-122.046,fall,mel178_092013_RD,pooled,NorthAmerica,DrosRTEC,57,SRR3939048,SRX1968277,2013,244,USR0000CBRO,10.751105926937
CA_tu_13_frost,USA,Tuolumne,2013/12/08,37.97,-120.26,frost,mel180_122013_CO,pooled,NorthAmerica,DrosRTEC,100,SRR3939049,SRX1968278,2013,342,USR0000CELI,10.3977191268204
CA_pl_13_frost,USA,Placerville,2013/12/16,38.74,-120.74,frost,mel181_122013_GB,pooled,NorthAmerica,DrosRTEC,72,SRR3939050,SRX1968279,2013,350,USC00046962,0.944751534017684
B,China,Beijing,1992/9,39.91,116.41,NA,B,inbred_line,Asia,dgn,15,NA,NA,1992,NA,CHM00054511,11.1537133076834
CO,Cameroon,Oku,2004/4,6.25,10.43,NA,CO,haploid_embryo,Africa,dgn,10,NA,NA,2004,NA,NIM00065271,257.139824050464
EA,Ethiopia,Gambella,2011/12,8.25,34.59,NA,EA,inbred_line,Africa,dgn,20,NA,NA,2011,NA,ET000063403,104.494982797986
EB,Ethiopia,Bonga,2011/12,7.26,36.25,NA,EB,haploid_embryo,Africa,dgn,5,NA,NA,2011,NA,ET000063402,78.5316539337693
ED,Ethiopia,Dodola,2008/12,6.98,39.18,NA,ED,haploid_embryo,Africa,dgn,5,NA,NA,2008,NA,ET000063450,231.94622461393
EF,Ethiopia,Fiche,2011/12,9.81,38.63,NA,EF,inbred_line,Africa,dgn,63,NA,NA,2011,NA,ET000063450,86.9432096548427
EG,Egypt,Cairo,2011/1,30.1,31.32,NA,EG,inbred_line,Africa,dgn,29,NA,NA,2011,NA,EGM00062318,178.081211466086
ER,Ethiopia,Debre Birhan,2011/12,9.68,39.53,NA,ER,haploid_embryo,Africa,dgn,5,NA,NA,2011,NA,ET000063450,111.633065196712
FR,France,Lyon,2010/7,45.77,4.86,NA,FR,inbred_line,Europe,dgn,87,NA,NA,2010,NA,FR069029001,17.6270552387667
GA,Gabon,Franceville,2002/3,-1.65,13.6,NA,GA,haploid_embryo,Africa,dgn,9,NA,NA,2002,NA,GBM00064570,22.3338769175649
GU,Guinea,Dondé,2005/6,10.7,-12.25,NA,GU,haploid_embryo,Africa,dgn,5,NA,NA,2005,NA,GV000001820,40.97046013875
I,United States,Ithaca NY,2004,42.35,-76.57,NA,I,inbred_line,North_America,dgn,19,NA,NA,2004,NA,USC00304174,14.8437926710233
KN,Kenya,Nyahururu,2009/1,0.04,36.36,NA,KN,haploid_embryo,Africa,dgn,5,NA,NA,2009,NA,KEM00063686,131.117998715073
N,Netherlands,Houten,1998,52.02,5.1,NA,N,inbred_line,Europe,dgn,19,NA,NA,1998,NA,NLM00006260,10.331026487893
NG,Nigeria,Maiduguri,2004/9,11.85,13.16,NA,NG,haploid_embryo,Africa,dgn,6,NA,NA,2004,NA,NIM00065082,8.39011366241381
RAL,United States,Raleigh NC,2003,35.76,-78.66,NA,RAL,inbred_line,North_America,dgn,205,NA,NA,2003,NA,USC00317074,4.0250511982748
RG,Rwanda,Gikongoro,2008/12,-2.49,28.92,NA,RG,haploid_embryo,Africa,dgn,27,NA,NA,2008,NA,RWM00064387,147.326109601773
SB,South Africa,Barkly East,2011/12,-30.97,27.59,NA,SB,haploid_embryo,Africa,dgn,5,NA,NA,2011,NA,SF001771780,4.21197458795549
SD,South Africa,Dullstroom,2011/12,-25.42,30.1,NA,SD,inbred_line,Africa,dgn,76,NA,NA,2011,NA,SF005547860,51.2189890058864
SP,South Africa,Phalaborwa,2010/7,-23.94,31.14,NA,SP,inbred_line,Africa,dgn,30,NA,NA,2010,NA,MZM00067331,113.108754094043
T,Australia,Sorell TAS,2004,-42.77,147.56,NA,T,inbred_line,Australia,dgn,18,NA,NA,2004,NA,ASN00094008,8.47958780013036
UK,Uganda,Kisoro,2012/1,-1.28,29.69,NA,UK,haploid_embryo,Africa,dgn,5,NA,NA,2012,NA,RWM00064387,91.1063347855871
W,United States,Winters CA,1998,38.53,-121.97,NA,W,inbred_line,North_America,dgn,35,NA,NA,1998,NA,USC00049742,0.857213863392185
ZI,Zambia,Siavonga,2010/7,-16.54,28.72,NA,ZI,haploid_embryo,Africa,dgn,196,NA,NA,2010,NA,ZI000067775,298.464434171956
ZW,Zimbabwe,Victoria Falls,2001/7,-17.94,25.83,NA,ZW,inbred_line,Africa,dgn,9,NA,NA,2001,NA,ZA000067743,13.6829951386925
SIM,w501,w501,NA,NA,NA,NA,w501,inbred_line,NA,dgn,1,NA,NA,NA,NA,NA,NA
